Block_entry_proc_U0.grp_load_matrix_from_dram_safe_fu_174.grp_load_matrix_from_dram_safe_Pipeline_VITIS_LOOP_49_1_VITIS_LOOP_51_2_fu_72,VITIS_LOOP_49_1_VITIS_LOOP_51_2,upc_loop_status1.csv
Block_entry_proc_U0.grp_load_matrix_from_dram_safe_fu_174.grp_load_matrix_from_dram_safe_Pipeline_VITIS_LOOP_58_3_VITIS_LOOP_59_4_fu_78,VITIS_LOOP_58_3_VITIS_LOOP_59_4,upc_loop_status2.csv
Block_entry_proc_U0.grp_greedy_potential_reduce_with_debug_fu_198,VITIS_LOOP_191_1,seq_loop_status1.csv
Block_entry_proc_U0.grp_greedy_potential_reduce_with_debug_fu_198,VITIS_LOOP_191_1,seq_loop_status2.csv
Block_entry_proc_U0.grp_greedy_potential_reduce_with_debug_fu_198,VITIS_LOOP_224_2,seq_loop_status3.csv
Block_entry_proc_U0.grp_greedy_potential_reduce_with_debug_fu_198,VITIS_LOOP_223_1,seq_loop_status4.csv
Block_entry_proc_U0.grp_greedy_potential_reduce_with_debug_fu_198,VITIS_LOOP_259_1,seq_loop_status5.csv
Block_entry_proc_U0.grp_greedy_potential_reduce_with_debug_fu_198.grp_greedy_potential_reduce_with_debug_Pipeline_VITIS_LOOP_103_1_VITIS_LOOP_92_1_fu_895,VITIS_LOOP_103_1_VITIS_LOOP_92_1,upc_loop_status3.csv
Block_entry_proc_U0.grp_greedy_potential_reduce_with_debug_fu_198.grp_greedy_potential_reduce_with_debug_Pipeline_VITIS_LOOP_115_1_fu_904,VITIS_LOOP_115_1,upc_loop_status4.csv
Block_entry_proc_U0.grp_greedy_potential_reduce_with_debug_fu_198.grp_greedy_potential_reduce_with_debug_Pipeline_VITIS_LOOP_115_13_fu_915,VITIS_LOOP_115_1,upc_loop_status5.csv
Block_entry_proc_U0.grp_greedy_potential_reduce_with_debug_fu_198.grp_greedy_potential_reduce_with_debug_Pipeline_VITIS_LOOP_135_1_fu_925,VITIS_LOOP_135_1,upc_loop_status6.csv
Block_entry_proc_U0.grp_greedy_potential_reduce_with_debug_fu_198.grp_greedy_potential_reduce_with_debug_Pipeline_VITIS_LOOP_192_2_VITIS_LOOP_115_1_fu_935,VITIS_LOOP_192_2_VITIS_LOOP_115_1,upc_loop_status7.csv
Block_entry_proc_U0.grp_greedy_potential_reduce_with_debug_fu_198.grp_greedy_potential_reduce_with_debug_Pipeline_VITIS_LOOP_157_1_fu_948,VITIS_LOOP_157_1,upc_loop_status8.csv
Block_entry_proc_U0.grp_greedy_potential_reduce_with_debug_fu_198.grp_greedy_potential_reduce_with_debug_Pipeline_VITIS_LOOP_163_2_fu_957,VITIS_LOOP_163_2,upc_loop_status9.csv
Block_entry_proc_U0.grp_greedy_potential_reduce_with_debug_fu_198.grp_greedy_potential_reduce_with_debug_Pipeline_VITIS_LOOP_174_3_fu_968,VITIS_LOOP_174_3,upc_loop_status10.csv
Block_entry_proc_U0.grp_greedy_potential_reduce_with_debug_fu_198.grp_greedy_potential_reduce_with_debug_Pipeline_VITIS_LOOP_115_14_fu_979,VITIS_LOOP_115_1,upc_loop_status11.csv
Block_entry_proc_U0.grp_greedy_potential_reduce_with_debug_fu_198.grp_greedy_potential_reduce_with_debug_Pipeline_VITIS_LOOP_135_15_fu_989,VITIS_LOOP_135_1,upc_loop_status12.csv
Block_entry_proc_U0.grp_greedy_potential_reduce_with_debug_fu_198.grp_greedy_potential_reduce_with_debug_Pipeline_VITIS_LOOP_192_2_VITIS_LOOP_115_16_fu_999,VITIS_LOOP_192_2_VITIS_LOOP_115_1,upc_loop_status13.csv
Block_entry_proc_U0.grp_greedy_potential_reduce_with_debug_fu_198.grp_greedy_potential_reduce_with_debug_Pipeline_VITIS_LOOP_157_17_fu_1012,VITIS_LOOP_157_1,upc_loop_status14.csv
Block_entry_proc_U0.grp_greedy_potential_reduce_with_debug_fu_198.grp_greedy_potential_reduce_with_debug_Pipeline_VITIS_LOOP_163_28_fu_1021,VITIS_LOOP_163_2,upc_loop_status15.csv
Block_entry_proc_U0.grp_greedy_potential_reduce_with_debug_fu_198.grp_greedy_potential_reduce_with_debug_Pipeline_VITIS_LOOP_174_39_fu_1032,VITIS_LOOP_174_3,upc_loop_status16.csv
Block_entry_proc_U0.grp_greedy_potential_reduce_with_debug_fu_198.grp_greedy_potential_reduce_with_debug_Pipeline_VITIS_LOOP_135_110_fu_1043,VITIS_LOOP_135_1,upc_loop_status17.csv
Block_entry_proc_U0.grp_greedy_potential_reduce_with_debug_fu_198.grp_greedy_potential_reduce_with_debug_Pipeline_VITIS_LOOP_103_1_VITIS_LOOP_92_111_fu_1055,VITIS_LOOP_103_1_VITIS_LOOP_92_1,upc_loop_status18.csv
Block_entry_proc_U0.grp_store_matrix_to_dram_safe_fu_218.grp_store_matrix_to_dram_safe_Pipeline_VITIS_LOOP_76_1_VITIS_LOOP_77_2_fu_40,VITIS_LOOP_76_1_VITIS_LOOP_77_2,upc_loop_status19.csv
