,entry_proc_U0,,status1.csv
,Block_entry_proc_1_U0,,status2.csv
,Block_entry_proc_U0,,status3.csv
,AESL_inst_fmm_reduce_kernel,,module_status1.csv
Block_entry_proc_U0,grp_load_matrix_from_dram_safe_fu_174,,module_status2.csv
Block_entry_proc_U0.grp_load_matrix_from_dram_safe_fu_174,grp_load_matrix_from_dram_safe_Pipeline_VITIS_LOOP_49_1_VITIS_LOOP_51_2_fu_72,,module_status3.csv
Block_entry_proc_U0.grp_load_matrix_from_dram_safe_fu_174,grp_load_matrix_from_dram_safe_Pipeline_VITIS_LOOP_58_3_VITIS_LOOP_59_4_fu_78,,module_status4.csv
Block_entry_proc_U0,grp_greedy_potential_reduce_with_debug_fu_198,,module_status5.csv
Block_entry_proc_U0.grp_greedy_potential_reduce_with_debug_fu_198,grp_greedy_potential_reduce_with_debug_Pipeline_VITIS_LOOP_103_1_VITIS_LOOP_92_1_fu_895,,module_status6.csv
Block_entry_proc_U0.grp_greedy_potential_reduce_with_debug_fu_198,grp_greedy_potential_reduce_with_debug_Pipeline_VITIS_LOOP_115_1_fu_904,,module_status7.csv
Block_entry_proc_U0.grp_greedy_potential_reduce_with_debug_fu_198,grp_greedy_potential_reduce_with_debug_Pipeline_VITIS_LOOP_115_13_fu_915,,module_status8.csv
Block_entry_proc_U0.grp_greedy_potential_reduce_with_debug_fu_198,grp_greedy_potential_reduce_with_debug_Pipeline_VITIS_LOOP_135_1_fu_925,,module_status9.csv
Block_entry_proc_U0.grp_greedy_potential_reduce_with_debug_fu_198,grp_greedy_potential_reduce_with_debug_Pipeline_VITIS_LOOP_192_2_VITIS_LOOP_115_1_fu_935,,module_status10.csv
Block_entry_proc_U0.grp_greedy_potential_reduce_with_debug_fu_198,grp_greedy_potential_reduce_with_debug_Pipeline_VITIS_LOOP_157_1_fu_948,,module_status11.csv
Block_entry_proc_U0.grp_greedy_potential_reduce_with_debug_fu_198,grp_greedy_potential_reduce_with_debug_Pipeline_VITIS_LOOP_163_2_fu_957,,module_status12.csv
Block_entry_proc_U0.grp_greedy_potential_reduce_with_debug_fu_198,grp_greedy_potential_reduce_with_debug_Pipeline_VITIS_LOOP_174_3_fu_968,,module_status13.csv
Block_entry_proc_U0.grp_greedy_potential_reduce_with_debug_fu_198,grp_greedy_potential_reduce_with_debug_Pipeline_VITIS_LOOP_115_14_fu_979,,module_status14.csv
Block_entry_proc_U0.grp_greedy_potential_reduce_with_debug_fu_198,grp_greedy_potential_reduce_with_debug_Pipeline_VITIS_LOOP_135_15_fu_989,,module_status15.csv
Block_entry_proc_U0.grp_greedy_potential_reduce_with_debug_fu_198,grp_greedy_potential_reduce_with_debug_Pipeline_VITIS_LOOP_192_2_VITIS_LOOP_115_16_fu_999,,module_status16.csv
Block_entry_proc_U0.grp_greedy_potential_reduce_with_debug_fu_198,grp_greedy_potential_reduce_with_debug_Pipeline_VITIS_LOOP_157_17_fu_1012,,module_status17.csv
Block_entry_proc_U0.grp_greedy_potential_reduce_with_debug_fu_198,grp_greedy_potential_reduce_with_debug_Pipeline_VITIS_LOOP_163_28_fu_1021,,module_status18.csv
Block_entry_proc_U0.grp_greedy_potential_reduce_with_debug_fu_198,grp_greedy_potential_reduce_with_debug_Pipeline_VITIS_LOOP_174_39_fu_1032,,module_status19.csv
Block_entry_proc_U0.grp_greedy_potential_reduce_with_debug_fu_198,grp_greedy_potential_reduce_with_debug_Pipeline_VITIS_LOOP_135_110_fu_1043,,module_status20.csv
Block_entry_proc_U0.grp_greedy_potential_reduce_with_debug_fu_198,grp_greedy_potential_reduce_with_debug_Pipeline_VITIS_LOOP_103_1_VITIS_LOOP_92_111_fu_1055,,module_status21.csv
Block_entry_proc_U0,grp_store_matrix_to_dram_safe_fu_218,,module_status22.csv
Block_entry_proc_U0.grp_store_matrix_to_dram_safe_fu_218,grp_store_matrix_to_dram_safe_Pipeline_VITIS_LOOP_76_1_VITIS_LOOP_77_2_fu_40,,module_status23.csv
